"","sample_name","knee_point","inflection_point","max_umi_per_CB_count","average_UMI_count_more_than_inflection","average_UMI_count","count_between_knee_and_inflection","count_between_knee_and_inflection_ED_yes","count_between_knee_and_inflection_ED_no","count_more_than_knee","count_between_100_and_inflection","count_between_100_and_inflection_ED_yes","count_between_100_and_inflection_ED_no"
"1",1,929,409,6487,1418.02083333333,97.6415282707911,607,175,432,2561,5318,3340,1978
"2",2,798,395,4585,1280.15480696442,86.6879579083465,444,69,375,2198,4150,2411,1739
"3",3,2287,1308,47327,5416.67820443483,145.743128375024,268,267,1,1581,13963,10693,3270
"4",4,2401,1143,19495,3592.90143218197,104.26247448314,366,326,40,821,8226,6059,2167
"5",5,511,325,3651,763.801444043321,71.1952574721666,586,24,562,2461,3150,1932,1218
"6",6,439,231,2338,649.056116269681,57.481433072704,453,13,440,2024,1637,782,855
"7",7,1601,646,21932,2561.3020063358,108.652148970479,625,379,246,1269,7175,5647,1528
"8",8,1513,325,11000,1651.52501924557,70.8324468085106,693,3,690,606,2681,1502,1179
